"Nombre";"Cuando";"Precio";"Recinto"
"LA VIDA EN UN SEGUNDO";"10/1/2026 4:00:00 PM";"Consultar";"Teatro Arlequín Gran Vía"
"LOCURAS PARALELAS";"10/1/2026 5:30:00 PM";"Consultar";"Gran Teatro Pavón"
"¿donde esta Radojka?";"10/1/2026 6:30:00 PM";"Consultar";"Teatros Luchana"
"UNA EXCUSA PERFECTA";"10/2/2026 3:00:00 PM";"Consultar";"Teatro Arlequín Gran Vía"
"LA CASA DE BERNARDA ALBA";"10/2/2026 4:00:00 PM";"Consultar";"Teatro Serrano"
"A.I. SOFOCOS";"10/2/2026 5:00:00 PM";"Consultar";"Teatro Arlequín Gran Vía"
"EL ÚLTIMO VERSO TEATRO SERRANO";"10/2/2026 6:30:00 PM";"Consultar";"Teatro Serrano"
"VAYA POR DIOS";"10/2/2026 7:00:00 PM";"Consultar";"Teatro Arlequín Gran Vía"
"LA REGENTA";"10/3/2026 11:00:00 AM";"Consultar";"Teatro Serrano"
"EL CABALLERO INCIERTO";"10/3/2026 11:00:00 AM";"Consultar";"Gran Teatro Pavón"
"NI TRUCO NI TRATO";"10/3/2026 2:00:00 PM";"Consultar";"Teatro Arlequín Gran Vía"
"GAG MOVIE - YLLANA";"10/3/2026 4:00:00 PM";"Consultar";"Teatro Serrano"
"LA ROSA 14";"10/4/2026 3:00:00 PM";"Consultar";"Gran Teatro Pavón"
"TANTRA EN CARABANCHEL";"10/5/2026 4:00:00 PM";"Consultar";"Teatro Arlequín Gran Vía"
"PATRICIA DONN - A CUERDA Y TACÓN";"10/5/2026 6:00:00 PM";"Consultar";"Gran Teatro Pavón"
"SEMEN TEATRO ARLEQUÍN";"10/5/2026 6:30:00 PM";"Consultar";"Teatro Arlequín Gran Vía"
"MAKING COMEDY SHOW";"10/6/2026 4:00:00 PM";"Consultar";"Teatro Arlequín Gran Vía"
"DANI DELACÁMARA - GILIPOLLECES INTELIGENTES";"10/6/2026 6:30:00 PM";"Consultar";"Teatro Arlequín Gran Vía"
"EL AMOR Y MUCHO MATCH!";"10/7/2026 4:00:00 PM";"Consultar";"Teatro Arlequín Gran Vía"
"LA AZOTEA";"10/7/2026 6:30:00 PM";"Consultar";"Teatro Arlequín Gran Vía"
"LA CELESTINA";"10/10/2026 11:00:00 AM";"Consultar";"Teatro Serrano"
"HIPOTECA CONCEBIDA";"10/14/2026 4:00:00 PM";"Consultar";"Teatro Arlequín Gran Vía"
"ENSAYO ABIERTO";"10/14/2026 6:30:00 PM";"Consultar";"Teatro Arlequín Gran Vía"
"THE ROYAL GAG ORCHESTRA - YLLANA";"10/15/2026 4:00:00 PM";"Consultar";"Gran Teatro CaixaBank Príncipe Pío"
"We Will Rock You el musical";"10/16/2026 6:00:00 PM";"Consultar";"Gran Teatro CaixaBank Príncipe Pío"
"PIENSA EN WILBUR TEATRO SERRANO";"10/17/2026 4:00:00 PM";"Consultar";"Teatro Serrano"
"VOILÁ";"10/17/2026 6:30:00 PM";"Consultar";"Teatro Serrano"
"101 DÁLMATAS";"10/18/2026 3:00:00 PM";"Consultar";"Gran Teatro CaixaBank Príncipe Pío"
"EL IMITADOR GRAN TEATRO PAVÓN";"10/18/2026 3:00:00 PM";"Consultar";"Gran Teatro Pavón"
"VILLANAS";"10/20/2026 4:00:00 PM";"Consultar";"Teatro Arlequín Gran Vía"
"JORGE BEDOYA - LAS MANOS";"10/24/2026 11:00:00 AM";"Consultar";"Gran Teatro CaixaBank Príncipe Pío"
"LA ODISEA";"10/24/2026 11:00:00 AM";"Consultar";"Teatro Serrano"
"CALLAS EN CONCIERTO  EN HOLOGRAMA";"10/25/2026 11:30:00 AM";"Consultar";"Gran Teatro CaixaBank Príncipe Pío"
"VIOLINÍSTICAS";"10/27/2026 5:00:00 PM";"Consultar";"Teatro Arlequín Gran Vía"
"PEGADOS";"10/28/2026 6:30:00 PM";"Consultar";"Gran Teatro Pavón"
"LA COPA ROTA";"10/30/2026 5:00:00 PM";"Consultar";"Teatro Serrano"
"LUIS ÁLVAREZ - CÓMO LLEGAR AL CIELO";"10/31/2026 12:00:00 PM";"Consultar";"Gran Teatro CaixaBank Príncipe Pío"
"MAGALLANES ELCANO - TEATRO SERRANO";"11/7/2026 6:30:00 PM";"Consultar";"Teatro Serrano"
"LUIS ÁLVAREZ - EL LUGAR MÁS FELIZ DEL MUNDO";"11/9/2026 7:00:00 PM";"Consultar";"Gran Teatro CaixaBank Príncipe Pío"
"LUNÁTICO";"11/17/2026 7:30:00 PM";"Consultar";"Teatro Arlequín Gran Vía"
"LUIS ÁLVAREZ- QUÉ RAZÓN TENÍA MI PADRE";"11/21/2026 12:00:00 PM";"Consultar";"Gran Teatro CaixaBank Príncipe Pío"
"WHITNEY HOUSTON HOLOGRAM TOUR";"11/22/2026 12:00:00 PM";"Consultar";"Gran Teatro CaixaBank Príncipe Pío"
"LUIS ÁLVAREZ - EL DESPERTAR";"1/16/2027 12:00:00 PM";"Consultar";"Gran Teatro CaixaBank Príncipe Pío"
